数据集,MSE,RMSE,R²
训练集,326095.3729152559,571.0476100249925,0.9110414831808111
测试集,514051.2624417724,716.9736832281728,0.8718039020982415
