feature,rf_best_importance,xgb_best_importance,rf_rank,xgb_rank
Pregnancies,0.062184743071475625,0.07726443,6,7
Glucose,0.365585770882699,0.31688616,1,1
BloodPressure,0.043831737758844885,0.083964065,8,5
SkinThickness,0.05611260207549744,0.07502412,7,8
Insulin,0.09989182863052497,0.08553725,4,4
BMI,0.16996173526380887,0.16124058,2,2
DiabetesPedigreeFunction,0.0793747495867941,0.08381507,5,6
Age,0.12305683273035524,0.1162683,3,3
