kernel,accuracy
linear,0.975925925925926
poly,0.9888888888888889
rbf,0.9888888888888889
sigmoid,0.8944444444444445
